"Pollutant","Average_Percentage"
"Days.CO",0.269663728253649
"Days.NO2",0.625145873354997
"Days.Ozone",40.4348372502199
"Days.PM2.5",32.5032765399738
"Days.PM10",2.19106267617013
